<?xml version="1.0" encoding="UTF-8"?>
<project-private xmlns="http://www.netbeans.org/ns/project-private/1">
    <editor-bookmarks xmlns="http://www.netbeans.org/ns/editor-bookmarks/2" lastBookmarkId="0"/>
    <open-files xmlns="http://www.netbeans.org/ns/projectui-open-files/2">
        <group>
            <file>file:/F:/ahmed(java)/university/src/university/University.java</file>
            <file>file:/F:/ahmed(java)/university/src/university/UserManager.java</file>
            <file>file:/F:/ahmed(java)/university/src/university/DatabaseHandler.java</file>
            <file>file:/F:/ahmed(java)/university/src/university/StaffManager.java</file>
            <file>file:/F:/ahmed(java)/university/src/university/StudentManager.java</file>
        </group>
    </open-files>
</project-private>
